                  epoch,             train/loss,  metrics/accuracy_top1,  metrics/accuracy_top5,               val/loss,                 lr/pg0,                 lr/pg1,                 lr/pg2
                      1,                0.78704,                  0.829,                      1,                0.74038,             0.00023779,             0.00023779,             0.00023779
                      2,                0.51087,                0.86167,                      1,                0.70748,             0.00038158,             0.00038158,             0.00038158
                      3,                0.45209,                0.86667,                      1,                0.71285,             0.00043113,             0.00043113,             0.00043113
                      4,                 0.4155,                0.88133,                      1,                0.68841,             0.00028988,             0.00028988,             0.00028988
                      5,                0.37853,                0.88833,                      1,                0.68336,             0.00014851,             0.00014851,             0.00014851
